user1000,Melissa,CHE,PHY248,PHY230,BIO189
user1001,Jake,DST,PHY206,CHE284,MIS301,BIO188,BIO109,MAT268
user1002,Rahma,BIO,PHY181
user1003,Amaal,PHY,BIO106
user1004,Sumayyah,MAT,BIO372
user1005,Ly,DST,PHY255,CSC300,CSC182,BIO347,DST382,BIO171
user1006,Sergio,BIO,BIO126,MAT324
user1007,Linus,PHY,BIO398,PHY245,BIO338,MIS298,CHE286,CSC325,CSC152
user1008,Ryan,DST,DST198,BIO388,MIS332,PHY339,CHE122
user1009,Kwadwo,DST,DST172,MIS236
user1010,Adnan,BIO,CHE161,DST213,CSC328,DST143
user1011,Hodan,CHE,CSC376,PHY189,CHE125,BIO148,CSC221,BIO154,CHE249
user1012,Yuva,MAT,CSC270,MAT168,MAT140,BIO247
user1013,Ella,CSC,PHY193,MIS254,BIO205,DST271,BIO159,PHY240,MAT123
user1014,Amaal,MAT,MIS253
user1015,Hamsa,CHE,BIO396,DST192,CHE355,PHY213,DST117,MAT386
user1016,Guleid,MAT,CSC290,MIS359
user1017,Matt,DST,BIO124,PHY158,MAT360,PHY208,CSC211,CSC265,BIO140
user1018,Jason,DST,CHE292,CHE370,MIS147,DST206
user1019,Brian,MIS,MIS143,MAT114
user1020,Katelynn,CSC,PHY148,BIO308,DST303,CHE243,MAT378
user1021,Jade,MAT,MIS175,CHE372,BIO165,MIS367,MAT158
user1022,Jason,DST,CHE125,MIS133,PHY267,CSC342,BIO110,DST381,BIO385
user1023,Adnan,MAT,PHY223,MAT272,CSC108,BIO260,CHE193,BIO364
user1024,Josh,MIS,MIS286,BIO211,PHY385,CSC178
user1025,Sundus,PHY,DST394,MAT154,PHY392,DST201,CHE265,BIO320,MAT269
user1026,Adi,MAT,DST168,CHE238,CSC170,BIO343
user1027,Vivika,DST,DST329,MAT359,BIO131,PHY358,BIO333
user1028,Moua,DST,CSC328,DST391,MIS344
user1029,Andy,DST,MAT351,MIS311,DST316,MAT387,PHY387,CHE199
user1030,Jason,MIS,CHE120,BIO247,CHE210,DST310,MIS153,BIO336
user1031,Johnny,DST,CHE304,MIS126,MIS269
user1032,Matt,MAT,MAT239,DST109,MAT341,MIS206,DST183,MIS211,CHE248
user1033,Thor,CHE,CHE160,DST249,PHY152,BIO363,MAT348,DST169
user1034,Johnny,MIS,CHE340,MAT336,BIO345,DST249
user1035,Miguel,CHE,CSC341,MIS244,CSC315,CSC143
user1036,Ivan,PHY,MIS102,MIS360,BIO328,MAT380,PHY168,DST136
user1037,Amina,MAT,CSC168,BIO143,MAT207,DST319,BIO224
user1038,Vinny,PHY,CSC377
user1039,Chris,DST,CSC338,BIO188
user1040,Angel,DST,MIS150,PHY200,MAT283
user1041,Keiran,CSC,MAT137,BIO152,MAT317,DST317,MAT219,CHE143
user1042,Chris,MAT,PHY343,CHE203,CSC127,MAT269,CSC390
user1043,Myles,CHE,BIO117,MAT188,DST117,BIO251,CSC360
user1044,Ella,BIO,MAT343,DST268,MAT200,CSC244
user1045,Vincent,MIS,CSC110
user1046,Erik,BIO,CSC364,DST138,DST248,CSC338,DST111,MAT348
user1047,Ivie,MAT,MIS109,MAT365,CHE166,BIO296
user1048,Katie,CSC,DST204,MIS161
user1049,Kodjo,BIO,MAT230,PHY196,MAT196,MIS347
user1050,Halah,CHE,MAT328,MAT213,MIS233,PHY383,CSC138,PHY302,PHY216
user1051,Liban,PHY,BIO363,BIO309
user1052,Rudwan,CSC,MIS245,CSC120,MIS129,CHE261,CSC299
user1053,Timothy,CHE,CHE360
user1054,Drew,CSC,MIS137,MAT154,DST304,MIS167,MIS242
user1055,Khaalid,DST,MIS305,MIS140,BIO378,CSC297,DST365
user1056,Vinny,CSC,BIO200,MAT163,MAT396,CHE212,CSC228
user1057,Jacob,CSC,PHY110,BIO388,CHE165,PHY208,MIS222,MIS284,BIO331
user1058,Nathan,CSC,MAT115,DST296,MAT366,CSC336,MAT171,PHY162,PHY206
user1059,Luis,MIS,MAT270,CSC144,CHE104,MAT392
user1060,Andy,CSC,DST165,CSC211,CSC123,CSC303,CSC207,CSC361
user1061,Hodan,CSC,CSC225,CHE382,CSC137
user1062,Ari,CHE,DST296
user1063,Mackenzie,MIS,BIO244,CSC222,BIO101,CHE346,MIS396
user1064,Awal,CHE,MIS243,MIS340
user1065,Chris,PHY,CHE284,CSC232
user1066,Chelsey,CHE,CSC258,CHE317,MIS140
user1067,Andy,CSC,DST128,CSC171,CHE320,MIS270
user1068,Vincent,BIO,MAT395,PHY372,BIO343,DST369,PHY399
user1069,Aisha,MAT,CSC334
user1070,Ermais,MAT,CSC380,CSC393,BIO341,DST261,BIO383,CHE155
user1071,Chelsey,PHY,DST213,CHE102,CHE207,MAT249
user1072,Brandon,CSC,BIO334,PHY367,MIS359,MIS182,MIS361
user1073,Zakaria,PHY,CSC170,PHY388,CSC120,PHY369
user1074,Khadro,CHE,BIO183
user1075,Ari,DST,CHE167,BIO370,BIO373,BIO219,DST377
user1076,Jade,BIO,CSC225,CHE222,MAT210,BIO220,PHY122,CHE125
user1077,Guleid,CHE,BIO317,BIO179,BIO170,MIS156,PHY205
user1078,Miguel,CHE,MIS318
user1079,Aaga,BIO,DST344,BIO168
user1080,Leban,MIS,MAT232,MIS331,CHE288,PHY331,DST361
user1081,Mitchell,BIO,MIS241
user1082,Vincent,DST,BIO149,DST299,CHE235,MAT384
user1083,Krystal,MIS,MAT156,MIS328,PHY192
user1084,Jacob,MIS,MIS288,PHY284,MAT215,BIO202,BIO234
user1085,Ari,CSC,CHE334,CSC123,PHY318,MAT321,PHY270,MAT352
user1086,Derek,MAT,MAT222
user1087,Awal,CSC,CHE357
user1088,Sean,MAT,CSC173,MIS256,CSC363
user1089,Mitchell,PHY,CSC382,BIO280,PHY375,MAT219,CSC147,CHE282
user1090,Walta,BIO,CHE198,PHY316
user1091,Alinase,DST,PHY230,DST146,MAT336,MAT302
user1092,Matthew,MAT,PHY332,MIS259
user1093,Christopher,MAT,MAT260,CSC351,DST325,MIS327,CSC269
user1094,Bjorn,CHE,MIS364,PHY272,MIS267,CSC225,PHY114
user1095,Yuva,MIS,BIO253,DST398,DST324,DST248,BIO395
user1096,Brian,DST,MAT104
user1097,Guleid,CHE,CSC284
user1098,Ivie,PHY,MIS334,CHE147,BIO121
user1099,Katie,BIO,CHE382
user1100,Abdi,MAT,CHE269,CHE141
user1101,Jeffrey,CHE,MIS137
user1102,Linus,CHE,MIS168,DST267,BIO231,MAT171,BIO218,CSC296,BIO144
user1103,Zach,MIS,DST230,CHE308,BIO242,BIO130,CHE272
user1104,Ly,CSC,CHE141,DST281
user1105,Skyler,BIO,CSC225,BIO213,MAT153,CHE246,PHY337,DST351
user1106,Leban,PHY,MAT126,MIS321,MIS337
user1107,Adnan,CHE,MAT207,PHY141
user1108,Vinny,BIO,CHE184,BIO327,MIS109,PHY346
user1109,Kodjo,MIS,PHY376,DST301,PHY249,CHE174,CSC282,CHE269,CHE101
user1110,Ly,MAT,DST151,CSC397
user1111,Najma,CSC,CSC287,MAT242,PHY336,DST115,PHY160,BIO192,CHE266
user1112,Skyler,CSC,BIO276
user1113,Jamila,DST,MAT231,DST271,MAT182,CHE266,CSC142
user1114,Leban,MAT,MAT206,CHE170,CSC163,MIS355,CSC308
user1115,Sean,MIS,PHY247,MIS322,BIO256,MAT181,MAT138,PHY203
user1116,Ivan,CHE,MAT109,CSC322,CHE183,BIO363,DST131,BIO142,MIS376
user1117,Ceazar,DST,DST348,MIS249,CHE290,CHE145,PHY179
user1118,Luke,MIS,BIO371,MIS175,CHE171,BIO107,CSC139,PHY195
user1119,Vinny,MAT,CHE238
user1120,Ceazar,MAT,CSC316,CHE232,DST288,CSC372,PHY385,PHY131
user1121,Xeng,DST,BIO181,DST342
user1122,Drew,CSC,BIO373,PHY288,PHY110
user1123,Keiran,CSC,MIS165,BIO134,BIO389,BIO162
user1124,Ari,PHY,DST100,DST360,MIS222,MAT361,PHY297,PHY226
user1125,Nathan,BIO,MIS266,DST268,PHY301,MIS200
user1126,Sundus,BIO,MAT126,CSC251,PHY310,MIS102,MIS338,CHE227
user1127,Matt,PHY,MIS329,MIS225
user1128,Ly,DST,PHY155,MIS126,DST298,BIO232
user1129,Corey,PHY,DST302,CHE279,MIS117,MAT236,PHY172
user1130,Miriam,PHY,MAT125,BIO107,MIS331,PHY217,BIO352
user1131,Luke,CHE,MAT129,DST326
user1132,Melissa,CSC,PHY274,MIS345,MAT368,DST271,PHY307,CHE113,PHY298
user1133,Romeo,DST,BIO174,CSC166
user1134,Ivan,MAT,MAT314,DST120,DST241,PHY303
user1135,Abdi,DST,CHE349
user1136,Vincent,DST,PHY117,DST113,CHE298,CHE345,CHE310,PHY100,DST305
user1137,Betelehem,PHY,DST145
user1138,Vincent,BIO,BIO281,MAT299,CHE189,CSC103
user1139,Joshua,DST,MIS113,DST145
user1140,Melissa,MAT,BIO212,DST206,BIO128,MAT281,BIO296,CSC391
user1141,Zach,DST,CHE264,PHY230,DST340,PHY188,PHY319
user1142,Jacob,BIO,MIS354,CHE277,BIO307,MIS296,BIO238,CSC214,MIS153
user1143,Melissa,MAT,MIS271,PHY193
user1144,Myles,CHE,MIS385,BIO351,DST216
user1145,Katelynn,MAT,MIS286,CSC360
user1146,Linus,DST,DST297,MIS338,DST375
user1147,Chelsey,BIO,DST309,PHY151,DST210,DST175,MAT344
user1148,Ridwan,MAT,DST107,MIS369,BIO181,PHY162,BIO236,MAT214
user1149,Long,DST,MIS252,PHY367,PHY210,BIO302,BIO159
user1150,Christopher,CSC,MAT382,DST186
user1151,Joshua,CSC,MIS249,BIO102,DST229
user1152,Linus,MIS,MAT221,DST228,DST260
user1153,Keiran,CSC,MIS273,PHY119,CSC317,DST202,MAT280
user1154,Matthew,DST,BIO145,MAT312,CHE349,MAT252,MAT388,CHE260
user1155,Hannah,CHE,MAT236,DST399,BIO335,BIO108
user1156,Miguel,PHY,DST275,CSC348,MAT308,MIS368
user1157,Saryn,CHE,CHE158,CSC389,DST128,CHE247,DST192,MIS281
user1158,Max,CHE,MIS382,CSC313,DST366,PHY211
user1159,Jamila,MIS,CSC385,MAT350,BIO121,CHE100,CSC176,BIO240
user1160,Thor,BIO,CHE360,CSC146,CHE220,CSC352
user1161,Sadaq,DST,PHY287,CHE328,PHY229,CHE192,MIS397,CSC238,MIS268
user1162,Krystal,MAT,MIS313,PHY127,DST200,MAT365,MIS223,MAT352,DST250
user1163,Adnan,PHY,DST371,BIO239
user1164,Corey,MAT,CHE383
user1165,Erik,MIS,MAT332,PHY354,PHY243,CSC339
user1166,Erik,MIS,MAT262,BIO393,DST174
user1167,Brandon,BIO,CHE360,PHY366,CSC102,BIO383,CHE376
user1168,Eyasue,MAT,DST192,CSC295
user1169,Ivan,MAT,PHY247,DST208,MAT261,PHY256,DST123,MAT300
user1170,Skyler,CSC,DST297,MIS336,PHY189,MAT280,BIO352,CSC357
user1171,Sean,BIO,CHE228
user1172,Hamsa,CSC,CHE305,CSC274,CSC256,DST355,BIO215
user1173,Khaalid,CSC,CSC186,PHY185,DST279,CHE234,MIS348,PHY229,PHY270
user1174,Abdi,DST,PHY253,MAT259,BIO152
user1175,Mohamud,MIS,CHE239,MAT190
user1176,Thor,CSC,CSC289,MIS397,MAT376,MAT224,BIO332,DST264,MAT125
user1177,Rahma,MAT,DST123,PHY286,MIS161,CHE293,CSC240,CSC196
user1178,Everett,MAT,MIS194,MIS118,DST317,DST304
user1179,Keenan,CHE,MAT250,CHE156,MIS165,CSC247
user1180,Halah,MAT,MIS128,DST292,CHE252,MIS193
user1181,Adnan,MIS,CHE210,MIS104,BIO367
user1182,Melissa,MAT,MAT340
user1183,Ryan,MIS,DST311,PHY166,CSC183
user1184,Mayali,CHE,CHE354,CSC395,BIO130,DST157,PHY173,BIO123,PHY183
user1185,Drew,MAT,DST148,CSC105,PHY333,MAT395
user1186,Khadro,BIO,CSC245,PHY303,DST164,CHE187,DST364,MIS138,MIS322
user1187,Kwadwo,BIO,CHE277,CSC168,PHY233,MIS284,DST315,BIO331
user1188,Amina,CSC,PHY387
user1189,Sergio,BIO,MAT383,MIS311
user1190,Talib,PHY,BIO216,CHE247,MAT230,DST258,MAT146
user1191,Fatima,DST,BIO374,DST269,MAT174,MIS190,PHY374
user1192,Najma,BIO,PHY121,CHE217
user1193,Thor,BIO,PHY290,CSC271,DST124,DST194,PHY102,CHE350
user1194,Emily,CSC,BIO358,DST315,MIS251,PHY384
user1195,Erik,MAT,CHE254
user1196,Zach,MAT,MAT399,MIS308,MIS306,PHY356,BIO262,CSC114
user1197,Erik,DST,MAT301,MIS129,PHY143,MAT146,BIO225,CSC263,PHY384
user1198,Najma,MAT,CHE164,MIS142,CSC113
user1199,Skyler,DST,DST387,PHY312,DST246,PHY179,MIS210
user1200,Kodjo,BIO,CHE228,CSC295,DST237,PHY105,CHE289
user1201,Jocelyn,BIO,BIO297,MAT333,CHE320,DST390,DST229,CHE371,PHY335
user1202,Hodan,CHE,DST271,MAT367,BIO391,BIO161,MAT234
user1203,Xeng,BIO,CSC204,MAT203
user1204,Doua,BIO,BIO204,DST261,MAT196,MIS390
user1205,Liban,CHE,MAT114,CSC223,CHE294,CSC258,MAT389
user1206,Chris,PHY,MAT381,PHY356,CSC268,CSC178,PHY318
user1207,Angel,DST,PHY370,MAT114,BIO184,CHE211,BIO280
user1208,Ari,CSC,BIO359,PHY360,MAT285,CSC253,CSC191,DST120,BIO398
user1209,Eyasue,MIS,CHE321,BIO274
user1210,Chelsey,DST,CHE234,CHE111
user1211,Jake,MAT,PHY358
user1212,Mackenzie,CHE,BIO178,DST287,MIS367,CHE160,CSC160
user1213,Dori,DST,MIS167,BIO187,CSC351,CSC368,DST160
user1214,Khalid,CHE,DST389,MAT298,MAT273,PHY191,PHY283
user1215,Ivie,CHE,MIS131,DST309,MIS269,CHE318
user1216,Liban,DST,PHY207,MIS216,CHE336,DST301,MAT305
user1217,Ben,BIO,CHE285,DST341,BIO169,PHY355
user1218,Brian,MIS,CHE291,BIO318,CHE240,DST363,BIO162,MIS329,MAT366
user1219,Chris,DST,MAT376,PHY355,MAT117,PHY121,BIO291,CSC302
user1220,Hamsa,MAT,MIS260,MAT164,CHE315,PHY161,MAT363
user1221,Amaal,MAT,CSC228,DST129,BIO152,BIO290
user1222,Quinn,BIO,CSC358,BIO112,DST168,DST285,BIO287
user1223,Ariana,CSC,BIO154
user1224,Bailey,CHE,BIO252,DST209,DST228,MIS223,BIO116
user1225,Josh,CSC,BIO243,BIO240,CHE204
user1226,Pavel,CHE,PHY381,MIS268,MIS386,DST395
user1227,Andy,DST,MAT152,MAT331,CHE260,CSC330
user1228,Talib,CHE,BIO114
user1229,Rahma,PHY,CHE270
user1230,Drew,PHY,DST196,DST292,PHY285,CHE290,PHY155,DST146,BIO149
user1231,Doua,PHY,PHY368,DST218
user1232,Sumayyah,CSC,MIS248,DST195,BIO356,MIS371,DST198
user1233,Hodan,CSC,DST263,CHE202,CHE143,CSC147,CHE179
user1234,Drew,PHY,BIO134,BIO218,CHE161,CHE362,CHE269,BIO310
user1235,Long,PHY,MIS393,CHE293,MIS231,PHY185
user1236,Mohamud,MIS,CSC363,PHY211,BIO318,PHY247,PHY221,DST269
user1237,Jason,MIS,CSC179,MAT138
user1238,Ceazar,PHY,BIO205
user1239,Ivan,BIO,PHY300,MIS181,PHY361,PHY332,MIS290
user1240,Mohamud,DST,DST339,BIO387,MIS265,BIO228,MIS139,BIO129
user1241,Pao,CSC,PHY102,CHE325,PHY199,CSC230
user1242,Doua,MAT,MAT367,CHE130,PHY380,CHE199
user1243,Josh,MIS,PHY373,CSC251,PHY343,CHE237,MAT387,MAT246
user1244,Liban,DST,PHY210,PHY296,CSC205,CHE258
user1245,Skyler,CSC,MAT187,MAT278,CSC220,MAT110
user1246,Asli,MAT,CSC345,CSC362,CHE124
user1247,Mohamud,MAT,DST298,PHY221,MIS182
user1248,Hamsa,MAT,MIS272,DST134,PHY225
user1249,Kwadwo,DST,CHE286,CSC364,CSC322,PHY228,CSC384,PHY240,BIO288
user1250,Nikita,DST,CHE152
user1251,Betelehem,PHY,CHE168
user1252,Chris,BIO,PHY269,DST365,CHE104
user1253,Christopher,DST,BIO236
user1254,Liban,PHY,CHE259,CSC100
user1255,Karen,PHY,MAT186
user1256,Adi,MAT,MIS107,MAT128,MAT331,CHE178,MIS271,MIS335,DST353
user1257,Rudwan,MIS,CSC376,CHE367,BIO236,CHE322,CSC377,DST281
user1258,Tenley,CHE,MAT157,MIS380,MAT300
user1259,Johnny,MIS,DST172,MIS316,MIS151,PHY300,DST110,BIO261
user1260,Ryan,MAT,DST212,PHY278,MAT365,DST322
user1261,Ari,CHE,MIS229
user1262,Gabriel,MIS,CHE158,PHY109,PHY347,MIS308,CHE280,CHE138,CSC333
user1263,Skyler,DST,BIO297,CSC371,DST247,CSC292,CHE346
user1264,Mayali,BIO,CSC154
user1265,Ryan,CSC,MAT349,MAT303
user1266,Talib,CSC,MAT114,CHE272,PHY238
user1267,Matt,CSC,MAT277,CHE387
user1268,Sundus,DST,MAT368,MIS277,DST267,CSC390,MAT256,MIS386,CHE336
user1269,Justin,MIS,MIS100,CSC117,DST350,CSC132,MAT398,DST258
user1270,Josh,PHY,MAT121,CSC200,BIO180
user1271,Rahma,CHE,DST312,CSC237
user1272,Pavel,CSC,CSC147,MAT318,CHE364,CHE117,MAT297,PHY337,CHE232
user1273,Taha,CSC,MIS178
user1274,Ermais,DST,PHY367,DST129,MAT387
user1275,Katelynn,MAT,MIS372,PHY105,BIO289,BIO237,CSC228,BIO306,MIS136
user1276,Bjorn,CSC,CSC291,BIO351,DST206,PHY241,BIO235,MAT116,DST288
user1277,Muna,CSC,MIS258,MIS373,CHE345,PHY104,CSC298
user1278,Xeng,CSC,MAT153
user1279,Long,CHE,PHY364,PHY111,PHY317,MAT348,CHE174,MAT190,DST291
user1280,Najma,BIO,DST314,MAT332,DST283,PHY130
user1281,Leah,DST,CSC187,CHE205,PHY190
user1282,Khaalid,MAT,CHE396,MIS336,BIO332,DST282
user1283,Sundus,PHY,CHE107,BIO292,PHY249,DST129,DST325,CHE300
user1284,Mayali,PHY,CSC326,PHY251,DST227,MAT321,BIO127,BIO139,CHE270
user1285,Hannah,MIS,MAT160
user1286,Ethan,MAT,CSC121,DST145,BIO178,CHE157,MIS265,PHY351,MIS244
user1287,Chelsey,BIO,CHE313,MAT181,MAT293
user1288,Corey,MIS,CSC153,CSC306,PHY180,PHY229
user1289,Mohamed,MIS,PHY309,DST274,CSC200,BIO131,BIO107,PHY255,DST390
user1290,Ben,PHY,MAT394,MAT187
user1291,Bjorn,MIS,DST256,DST340
user1292,Rayan,CSC,MAT216,MIS206,CHE117
user1293,Ben,DST,MAT330,BIO170
user1294,Miriam,MIS,CSC355
user1295,Chris,BIO,MIS239,CSC272,MAT329,BIO189,PHY384,MAT290
user1296,Jocelyn,BIO,CHE151,CSC139,DST135
user1297,Anna,PHY,MIS308,MIS127,DST288,CHE259,MIS263
user1298,Ryan,PHY,BIO222,MIS319,BIO339,CSC380
user1299,Romeo,MIS,PHY317,MAT184,MIS285,MIS395,DST353,BIO220
user1300,Josh,MAT,CHE377,MAT319,MIS152,DST159,CHE140,DST129
user1301,Hodan,PHY,DST306,DST283,BIO235
user1302,Ivan,CSC,DST163,DST190,PHY395,BIO309,MAT383
user1303,Kodjo,MIS,MIS202,CHE210,CSC283
user1304,Ayden,BIO,PHY218,PHY102,CHE142,BIO276,MAT165,MAT224,MAT160
user1305,Sean,CSC,BIO133
user1306,Ben,MIS,DST135,MIS157,DST323,PHY304,MAT243,MAT161
user1307,Vivika,MAT,CHE245,PHY396
user1308,Brandon,PHY,MAT389,CHE382,MIS382,MIS391,CHE235,BIO229
user1309,Kodjo,PHY,CSC396,PHY189,BIO398,DST264,CHE220
user1310,Ly,PHY,DST271
user1311,Zakaria,MAT,PHY133,CHE239,PHY354,MAT359
user1312,Elliott,DST,CSC196
user1313,Awal,CSC,BIO117,MAT301,BIO123,DST133
user1314,Odin,MAT,PHY289,PHY122,PHY349,DST175,MIS213,CHE139,CHE100
user1315,Pao,DST,CSC138,MIS205,BIO140,CSC352,PHY381,DST123,PHY399
user1316,Bailey,MAT,MAT327,MIS219,CSC275,DST354,DST134,CSC297,PHY337
user1317,Long,BIO,PHY107,CSC120,DST343
user1318,Stephanie,BIO,DST225,CHE238,CSC223
user1319,Emily,CSC,BIO114,MIS135
user1320,Timothy,MIS,CHE108,MAT349
user1321,Ariana,MIS,BIO354,MAT187,MAT372,PHY398,CHE328,MAT334,PHY205
user1322,Halah,BIO,CSC108,CHE177,PHY325,DST364,CSC216
user1323,Ella,MAT,BIO375,BIO162,CSC330,PHY186,MAT164,PHY276
user1324,Ariana,PHY,DST162,DST324,PHY215,PHY386
user1325,Najma,DST,MIS313,MAT310
user1326,Vinny,PHY,CSC351,DST236,CHE270,DST145,BIO132,CSC290
user1327,Halah,CSC,CSC204,CHE158
user1328,Sumayyah,MAT,DST200,BIO352,BIO275,CSC186,CSC279
user1329,Ly,MIS,BIO371
user1330,Rudwan,DST,MIS394,DST380,MIS152,MIS245,DST208
user1331,Sadaq,PHY,BIO113
user1332,Nathan,PHY,CHE170,BIO138,MAT157,BIO217,CSC165
user1333,Vinny,MAT,CHE203,MIS219
user1334,Lucy,BIO,MIS242,CHE239,MIS243,CSC398,PHY183,CHE144
user1335,Tenley,DST,PHY347,MIS392,MAT176
user1336,Anna,PHY,CSC247,DST233,CHE382,MIS323,CSC227,BIO283,DST384
user1337,Khalid,MAT,PHY175,CSC295,CHE395
user1338,Corey,PHY,CSC312
user1339,Rayan,CSC,BIO226,PHY274,BIO111,CSC201,MIS344,CHE256,CSC384
user1340,Drew,BIO,BIO232,MIS165,MIS372,BIO350,DST108,MIS324
user1341,Bailey,BIO,MIS387,MIS243
user1342,Sean,PHY,MAT282,BIO255,DST191
user1343,Awal,DST,BIO257,CHE131,PHY219,CSC163,BIO364,BIO214,CSC261
user1344,Romeo,MAT,BIO136
user1345,Nikita,MIS,PHY145,MAT120,CHE370,BIO390,CHE287,BIO379,CSC201
user1346,Sergio,PHY,BIO311,PHY384
user1347,Leban,PHY,PHY224,MIS312,MAT311,CSC241
user1348,Mohamud,CSC,BIO215,MIS333
user1349,Zak,MIS,CHE164,CHE141,PHY135,CSC292
user1350,Mohamed,DST,PHY202,MAT195
user1351,Matthew,DST,BIO103,MIS209,MAT108,BIO269
user1352,Josh,MAT,PHY142,MAT216
user1353,Erica,MIS,DST128,BIO129,MAT184,MAT369,DST358,DST372
user1354,Elliott,CSC,DST223,PHY344
user1355,Taha,CSC,BIO347,BIO317,BIO292,CSC180,CSC145,DST119,PHY117
user1356,Josh,PHY,CHE109,CSC204,DST227,MAT101,CSC228
user1357,Liban,CHE,CHE290,BIO351,PHY199
user1358,Nathan,DST,BIO104,CSC342,MAT179
user1359,Joshua,MAT,DST360,MIS221,BIO357,MIS236,MAT371,DST183,DST334
user1360,Mackenzie,CSC,PHY299,CSC346,DST245
user1361,Liban,BIO,MIS329,DST235,MAT192,MIS237,PHY303,PHY311
user1362,Jamila,MIS,CHE335,DST161,CHE388,CSC386,BIO239,CSC228
user1363,Gabriel,CHE,PHY252,DST115,DST202,CSC342,CHE343,MIS367,CSC106
user1364,Mohamed,CSC,MIS201,CSC248,CSC303
user1365,Leban,DST,DST268,CSC221,DST130,MIS234,PHY358
user1366,Hodan,CSC,CHE336,DST143,PHY314,MIS208
user1367,Pavel,CHE,PHY355,MAT157,PHY178,MAT302,MIS382,BIO332,PHY357
user1368,Tommy,BIO,PHY105,MIS149,CSC114,CHE120,CHE398
user1369,Doua,BIO,CHE131,CHE197,CHE339,MAT230,PHY331,BIO348,DST224
user1370,Eric,MIS,MAT223,PHY343,BIO250,CSC108,BIO279
user1371,Hamsa,DST,MIS256,MAT333,DST283,BIO272,MAT303,MIS313,DST373
user1372,Gabriel,CSC,DST106,CHE295,MIS366,MAT383,CSC313,MAT240,BIO251
user1373,Khalid,PHY,DST269,PHY155,CSC176
user1374,Miriam,DST,DST200,MIS265
user1375,Lucy,BIO,BIO144,MAT364,CSC172,MAT393
user1376,Jamila,MAT,PHY388,BIO390,MIS195,MAT259,MIS283
user1377,Khaalid,BIO,MIS325,CHE108,DST234,PHY189
user1378,Sadaq,PHY,BIO160,DST186,PHY115
user1379,Esmeralda,DST,DST332,CSC166,MAT197,PHY131
user1380,Ayden,MAT,PHY115,CSC158,CHE210,PHY270
user1381,Adnan,BIO,BIO131,CHE257,MIS160,MAT272,CHE271,CHE174,CSC194
user1382,Angel,BIO,MAT222,CHE347,MAT170,DST288,PHY175,MAT136
user1383,Khaalid,MIS,CSC187,BIO112,DST372,BIO286,PHY121,DST313,MIS378
user1384,Mohamed,MAT,MIS163,MAT388,BIO255,PHY124,MIS288,MIS285
user1385,Yuva,CHE,CHE139,CHE110,CSC194
user1386,Adna,BIO,CSC351,MIS167,CHE145,MAT222
user1387,Erik,CSC,CHE141,DST316,BIO366,CHE309,PHY227,CSC238,MAT250
user1388,Brandon,CHE,BIO294,DST311,MIS338,CHE208,DST232
user1389,Khalid,CSC,BIO350,DST170
user1390,Xeng,CSC,DST397
user1391,Amina,MAT,BIO114,CHE321,CHE312,MIS119,BIO381,MIS196,BIO289
user1392,Gabriel,MAT,CSC127
user1393,Chelsey,BIO,MIS256,MAT383,BIO166,PHY342,CHE253
user1394,Sadaq,PHY,MAT374,CHE191,CSC202
user1395,Pavel,PHY,MAT286,BIO299,DST173,MAT316,MIS395,BIO351
user1396,Romeo,CSC,MAT220,MAT208,CHE336,CSC285,PHY247
user1397,Brandon,CHE,DST291,CHE130
user1398,Matthew,BIO,MIS356,CHE167,MIS301,PHY159
user1399,Liban,CSC,CHE122,MAT146,PHY225
user1400,Adi,CSC,MAT308
user1401,Ly,PHY,PHY264,DST151,BIO254,PHY305,BIO294,DST138
user1402,Kebba,BIO,MIS142,MAT177
user1403,Jason,PHY,CHE276,BIO189,MIS144,PHY119
user1404,Mohamed,CSC,MAT313,MAT295,MIS339,MIS238,CHE217
user1405,Justin,DST,DST346,MAT190,DST348
user1406,Pavel,DST,BIO243,MIS103,PHY283
user1407,Muna,DST,BIO321,MAT245,BIO248,PHY271
user1408,Rudwan,MIS,MAT134,PHY315,DST285,PHY317,DST213,DST250,BIO359
user1409,Andy,MAT,CHE391,DST226,BIO312
user1410,Matt,CSC,BIO273,CSC279,DST258,PHY228,BIO120
user1411,Moua,DST,CHE150,BIO283
user1412,Pao,MIS,CSC139,DST158,CSC155
user1413,Dori,CSC,MIS190,CHE380,DST208,CHE168,DST184
user1414,Joshua,MAT,PHY364,DST372,CSC216,BIO187
user1415,Amy,CSC,CSC311
user1416,Luis,BIO,BIO257,CHE316,DST304,CHE136
user1417,Talib,DST,MIS143,MIS233
user1418,Elliott,MIS,MIS239,MAT285,CHE178,MAT386
user1419,Brian,BIO,CSC240,CHE291,BIO370,BIO318,CHE291
user1420,Ella,DST,MAT251,DST158
user1421,Stephanie,BIO,MIS342,MAT311,MIS259
user1422,Matt,DST,MAT337,BIO369,PHY211
user1423,Liban,MAT,PHY206,MIS120,BIO192,CHE262,MIS338
user1424,Ermais,DST,CHE328,CHE379
user1425,Xeng,BIO,PHY359,DST373,MIS259,DST244,CSC219,DST229
user1426,Abdi,MIS,MAT158,DST163
user1427,Erica,DST,PHY159,PHY354,CSC337,BIO396,CSC108
user1428,Max,PHY,CSC317,DST347,PHY316,PHY317
user1429,Anna,MIS,MAT103,PHY172,CHE322,MIS114,CHE262,DST287
user1430,Everett,MAT,MIS126,PHY113,MAT131,CHE390,PHY287,CSC356,CHE370
user1431,Erica,CHE,CSC150,BIO322,CHE116,PHY184
user1432,Aisha,BIO,PHY120,BIO277,BIO392,DST106,DST206
user1433,Ella,BIO,PHY209,CHE176,CSC357,CHE318,CSC351,CSC293,DST263
user1434,Eyasue,MIS,CHE313,CHE186,BIO261
user1435,Luis,CSC,CHE365,DST330,CHE338,MAT213,MIS334,CSC346,CHE269
user1436,Joshua,BIO,BIO213,DST155,CHE341,DST190,DST147
user1437,Eyasue,PHY,CHE197,BIO211,DST384,BIO121,DST154,CHE215
user1438,Elisha,CSC,CHE333,MIS228,CSC162,CHE330,DST280,PHY325
user1439,Long,MIS,DST110,MAT156
user1440,Hamsa,DST,CHE198
user1441,Khaalid,MAT,PHY138,BIO198,CSC322,PHY343,MIS100
user1442,Tommy,BIO,CSC198,DST162,MAT296
user1443,Skyler,MIS,BIO128,MIS386,BIO271,MAT259,PHY373,MAT146
user1444,Tommy,MAT,MIS207,PHY117,BIO127,CHE340,PHY324
user1445,Bjorn,BIO,MIS177,PHY169,MAT256
user1446,Keiran,MAT,MAT162
user1447,Zak,CHE,CSC291,CHE313,PHY114,PHY192,MAT386,DST347
user1448,Corey,CSC,BIO240,DST278,DST330,CHE107,MAT181,CHE354,CSC297
user1449,Nathan,CSC,CHE167,PHY222,PHY176,CSC218,PHY332,MAT109
user1450,Ridwan,CHE,CHE344,CSC289,PHY383,BIO345
user1451,Adna,MIS,PHY322,MAT172,CSC115,CHE331,DST319,MIS201
user1452,Leah,MIS,MIS309,CHE342,MAT327,DST168,CHE336,CSC297
user1453,Ermais,DST,CSC324,MIS298,MIS231,CSC205,PHY186,CSC149
user1454,Eyasue,DST,MAT333,PHY133,MAT192
user1455,Collin,MAT,PHY161,BIO336
user1456,Najma,DST,DST392
user1457,Adnan,CSC,CHE373,DST105,PHY130
user1458,Vinny,CSC,PHY366,BIO159
user1459,Liban,MIS,PHY171,PHY154,MIS138,PHY191,PHY194
user1460,Khadro,CSC,BIO144,CSC156
user1461,Khadro,MIS,PHY115,PHY204,BIO196,MIS335,PHY368,MIS281
user1462,Vinny,CHE,CHE384
user1463,Ceazar,MAT,MAT176,DST289,MAT314,PHY354,CHE167
user1464,Jocelyn,CSC,MIS269,CHE353
user1465,Everett,BIO,MAT105,PHY327,PHY267,DST216,DST147,CHE336,PHY135
user1466,Mohamed,MIS,MAT306,CHE297
user1467,Romeo,DST,BIO100,MAT139
user1468,Thor,BIO,MIS390,CSC196
user1469,Long,CHE,BIO332,MAT396,CSC238,DST202,CSC317,BIO342,MAT319
user1470,Jason,PHY,DST250
user1471,Jaron,CSC,BIO190
user1472,Vincent,DST,PHY158,CHE298,PHY203,MIS211,MIS288
user1473,Vincent,CSC,BIO242,MAT250,PHY144,MIS215,MAT227,MAT122
user1474,Elisha,MAT,MAT218,DST235,MAT210,CHE179,MIS312,DST253
user1475,Alinase,CHE,CSC173
user1476,Ariana,DST,MAT238
user1477,Elliott,BIO,MIS110,MIS219,PHY301,CHE368,MIS211
user1478,Saryn,CSC,PHY327,DST363,MAT297,DST300
user1479,Xeng,MAT,PHY246,MIS280,PHY234,MAT206
user1480,Jeffrey,MAT,BIO224,CSC133,BIO243,CSC344,CHE102,MIS183
user1481,Faiaz,PHY,DST150
user1482,Sean,DST,PHY200,CSC212,CSC210,CHE380,CHE305,DST218
user1483,Leah,MIS,CSC144,MIS150,MAT170,DST169,CSC182
user1484,Faiaz,DST,CHE294
user1485,Hodan,PHY,CHE202,CHE255,PHY145,DST349,BIO323
user1486,Everett,CHE,CHE248,CSC310,CHE204,MIS350,CSC391
user1487,Gabriel,PHY,DST262,MIS387,CSC368,DST251,MAT265,DST156,MAT270
user1488,Xeng,CHE,BIO301
user1489,Najma,CSC,MAT280
user1490,Rahma,MAT,CSC380,PHY284,MIS165,MIS336
user1491,Esmeralda,BIO,BIO330,CSC153,CHE165,CHE202
user1492,Adi,BIO,CHE135,PHY217,MIS292,CSC344
user1493,Ermais,CHE,BIO388,DST395,MAT276,CSC312
user1494,Asli,MIS,MIS135,CHE349,BIO388,MAT296
user1495,Ari,BIO,CHE193,MIS114,CHE225,CSC213
user1496,Zak,CHE,PHY369,CHE108,CHE393,CHE298
user1497,Jaron,CSC,CHE235,MIS120,CHE166,CSC310,CHE295
user1498,Justin,PHY,MIS202,CHE279,CHE116,MIS385,DST376
user1499,Khaalid,MIS,DST335
user1500,Fatima,BIO,MIS395,MAT196,MIS288,MAT325,DST321,CSC195
user1501,Mayali,PHY,MAT255,PHY146,CSC148,MIS105,MIS212,CHE214
user1502,Nathan,CHE,PHY157
user1503,Khaalid,BIO,PHY379,CHE380
user1504,Joshua,DST,CSC285,BIO386,CSC238,PHY287
user1505,Odin,PHY,PHY383,CHE152,CSC274
user1506,Saryn,CHE,MIS390,CHE247,CHE224,PHY370,DST387,MAT323,PHY177
user1507,Gabriel,CSC,PHY186,CHE391,BIO143,CHE271
user1508,Emily,MAT,DST318,DST105
user1509,Pavel,DST,CHE131,CHE236,MAT288,MAT391,CSC231,CSC357
user1510,Mohamud,DST,CSC192,MAT224,CSC301,BIO331,CHE347,DST151,MAT319
user1511,Quinn,MIS,BIO115,BIO319,BIO190,BIO282,BIO391,BIO134
user1512,Vivika,CSC,PHY158
user1513,Andy,CHE,CHE330,PHY342
user1514,Elliott,MAT,CHE373,DST158,CSC134,CSC122,MIS194
user1515,Aisha,MAT,CSC159,PHY301,BIO145,BIO229,CHE310,DST396
user1516,Abdi,MAT,MIS308,BIO374,CHE160,CHE335,CSC341,MIS257,MIS259
user1517,Betelehem,DST,PHY370,PHY193,CHE212
user1518,Talib,CHE,DST201,CHE228
user1519,Luis,BIO,DST324,PHY153
user1520,Amina,CSC,PHY288,MAT129,PHY382,PHY301
user1521,Odin,BIO,CHE353,BIO118,PHY322,CHE228
user1522,Dori,BIO,CHE140,DST171
user1523,Jocelyn,CSC,CSC350,PHY181,MIS376,MIS210,PHY264
user1524,Luke,PHY,MIS231,MIS180,PHY339,MIS173,CSC245
user1525,Guleid,MIS,CHE254
user1526,Kwadwo,PHY,MIS293
user1527,Corey,CSC,MAT328,DST184,CSC131,MAT369,PHY175,CHE314
user1528,Walta,CHE,BIO121,PHY216,MAT176,CSC214,CSC274
user1529,Timothy,DST,BIO105,MIS371,MAT222
user1530,Fatima,DST,PHY227,PHY350,MAT321
user1531,Liban,CSC,BIO121,PHY343,MAT341
user1532,Linus,CHE,CSC294,PHY377,CSC388,CHE152,CSC223
user1533,Amy,DST,PHY188,CSC232,MIS271,CHE102
user1534,Zakaria,BIO,MAT352
user1535,Tommy,MIS,PHY258
user1536,Anna,CSC,CHE137,CSC207,MAT352,CSC215,CSC288
user1537,Chris,MIS,MAT297,PHY107,CSC235,MIS201,PHY299
user1538,Eric,CSC,CSC361
user1539,Jamila,DST,CHE287,DST314,MIS119,MIS386
user1540,Xeng,MIS,BIO114,BIO208,MIS205,BIO131
user1541,Keiran,PHY,MAT186
user1542,Zakaria,PHY,MAT213,MIS229,BIO222,CSC324,CHE357,BIO248,MIS260
user1543,Justin,CSC,MIS151,MAT395,CHE126,PHY336,CSC328,DST388
user1544,Max,DST,CHE290,CSC158,CSC274,DST156
user1545,Chelsey,CSC,CSC142,CHE381
user1546,Chris,PHY,MAT248,DST106,MIS292,CSC226
user1547,Adna,PHY,CHE333,CHE395,DST174,BIO161,CSC238,CHE363,PHY109
user1548,Mitchell,MIS,MIS221,DST239,PHY313,BIO191
user1549,Timothy,MIS,CHE121,CSC182
user1550,Ethan,PHY,CHE152,MIS315,DST346,BIO237,MIS295,MIS220,MAT394
user1551,Sergio,CSC,MIS311,MIS164,DST390,MIS214
user1552,Justin,CHE,PHY229,BIO160,CSC377,MIS303,MIS171
user1553,Xera,MAT,MAT230,CHE300
user1554,Chris,DST,DST359,CSC224,BIO146,MIS264,CSC316,DST265,MAT390
user1555,Matt,DST,CSC126,CSC296
user1556,Zach,MAT,CHE291,CHE288,DST387,PHY175,BIO207
user1557,Everett,MAT,MAT387,CHE207,PHY331
user1558,Leban,BIO,PHY286,MAT301,CHE274,CSC134,CSC267
user1559,Mackenzie,CSC,CHE196,MAT224
user1560,Ermais,BIO,MAT135,PHY272,MIS319,CSC325
user1561,Jaron,BIO,MAT197,CSC321
user1562,Walta,BIO,DST251,CSC145,CSC298,DST350,BIO250,BIO135,CHE296
user1563,Ermais,CHE,PHY295,DST230,CSC121,CHE223,MIS376
user1564,Fatima,MIS,MAT363,MIS264
user1565,Mohamud,MAT,PHY216
user1566,Vinny,DST,PHY370,MIS217,BIO217,MAT190,MAT394,PHY168,MIS188
user1567,Andy,CSC,CSC178,CHE216,MAT271,DST122,MAT260
user1568,Luke,BIO,PHY186,CHE212
user1569,Drew,CHE,MAT254,MIS320,MIS310,MIS167,CSC107,CHE369,PHY106
user1570,Ridwan,BIO,BIO295,BIO144,PHY185,BIO297
user1571,Mohamud,PHY,MAT300,MIS177,MIS369,BIO221,MAT317
user1572,Yuva,CHE,CHE393,CSC369,CHE370,PHY370
user1573,Asli,PHY,MAT289,MIS225,MIS258
user1574,Ridwan,CHE,CHE210,CHE189
user1575,Najma,MAT,CSC130,DST312,BIO179,MAT136,PHY123
user1576,Khalid,MAT,MAT316,DST368
user1577,Muna,DST,DST302,CSC352,MIS334,MIS110
user1578,Erik,BIO,PHY147,MIS311
user1579,Guleid,CHE,MAT189,MIS131
user1580,Ceazar,PHY,DST165,BIO344,BIO309,BIO137,CSC281
user1581,Najma,PHY,PHY177,CHE129,CSC133,BIO204
user1582,Yuva,DST,MAT207,MAT286,DST260,BIO281
user1583,Liban,PHY,CSC380,CSC378,CSC382,MAT155,BIO111
user1584,Ari,MAT,BIO270,DST171
user1585,Dori,PHY,DST179,CHE222
user1586,Sumayyah,BIO,MAT242,MAT274,DST317,MIS311,DST372,CSC242
user1587,Josh,DST,DST382
user1588,Ari,CSC,MAT396,MAT139,MIS248,CHE382,PHY395,MIS302,MAT211
user1589,Linus,CSC,BIO209,MIS267,MIS328,CHE392,DST399
user1590,Jacob,PHY,BIO103,MIS279,PHY103,DST338,CHE336,CSC137
user1591,Amina,CHE,CSC324,BIO264,BIO224,PHY176,CSC254,DST175,CSC396
user1592,Ly,PHY,CHE254
user1593,Kodjo,CHE,CSC256,CSC298,MIS194,MIS274
user1594,Faiaz,CSC,DST332
user1595,Asli,CSC,DST140
user1596,Khadro,CSC,MIS310,MIS262,CSC322,BIO299,CSC382,BIO102
user1597,Melissa,BIO,MAT397
user1598,Yuva,PHY,BIO221,BIO389,MAT235
user1599,Ariana,CHE,CHE363,MIS224,BIO249,PHY254,BIO158
user1600,Kodjo,CSC,PHY383,MAT202,CSC317,DST366,MAT102,BIO389
user1601,Aaga,MIS,MIS102,MAT114,PHY387
user1602,Hodan,PHY,MAT177,CSC167,BIO207
user1603,Chris,MAT,MAT304
user1604,Mackenzie,DST,CHE163
user1605,Esmeralda,CHE,PHY113,MIS173,BIO173,PHY113,BIO113
user1606,Vinny,MAT,CSC214,DST370,CHE318
user1607,Joshua,MIS,CHE283,MIS371,CSC165,MIS119,PHY371
user1608,Lucy,BIO,BIO368,DST283,MAT162,DST160,CHE377,MIS273
user1609,Hamsa,CSC,MAT353,CSC204,MIS308,CHE370,MIS157
user1610,Kevin,MAT,CSC284,MAT229,MAT339,CHE273,BIO149,CSC144,MIS286
user1611,Angel,CSC,MAT297
user1612,Faiaz,BIO,BIO160,CHE218
user1613,Zakaria,PHY,CHE259
user1614,Johnny,MIS,BIO302,CHE127,PHY383,BIO122,MAT331
user1615,Hamsa,MAT,MIS103,DST313,PHY291
user1616,Katelynn,BIO,CSC264,BIO125,MIS276,CSC330,DST124,CHE363,DST154
user1617,Andy,CHE,MAT201,MAT324
user1618,Amina,CSC,CSC155,CHE134,DST258
user1619,Skyler,BIO,MIS239,MAT168,CHE161,CSC231,PHY118,CSC155
user1620,Ryan,CSC,MAT161,BIO216,CSC150
user1621,Brooklyn,DST,DST349,CHE258
user1622,Khaalid,PHY,MIS211,MAT296,MIS312
user1623,Khadro,MAT,CSC361,MIS186,CHE228
user1624,Katelynn,DST,CSC282
user1625,Amy,MIS,CHE134,MAT118,CHE365,CHE103,MIS377,BIO379
user1626,Moua,DST,BIO269,PHY146,BIO187,PHY374,MIS337,MIS286
user1627,Khadro,CHE,DST316,DST301
user1628,Myles,DST,MAT362,MAT319,MAT377,MAT225,CHE251,CSC263
user1629,Najma,MIS,DST132,DST242,DST276,CHE255,PHY132,MIS144,MAT278
user1630,Katie,PHY,MIS111,DST102,BIO213
user1631,Xera,CSC,CHE172,DST241,MIS256
user1632,Khalid,BIO,DST228,CSC287,MAT347,MAT264,CHE365,BIO263
user1633,Ayden,BIO,CSC224,DST389,MIS120,BIO219
user1634,Leban,CSC,MIS325
user1635,Khaalid,MAT,BIO131
user1636,Najma,BIO,MIS147,CHE229,MIS292,MIS324
user1637,Hamsa,CHE,BIO348,BIO166,CSC248,CSC337
user1638,Khaalid,MIS,BIO279,MIS161
user1639,Vinny,MAT,DST350,BIO138,PHY291,MIS318,MAT264
user1640,Miguel,MIS,BIO130,CHE156,MAT337,MAT314,PHY384,BIO315,MIS143
user1641,Sumayyah,CSC,DST337,BIO224,CHE169,DST206
user1642,Kodjo,PHY,MIS196,CSC364,MIS172
user1643,Najma,CSC,CSC274,DST126,CHE138
user1644,Chris,CSC,BIO316,DST237,CHE269,PHY358,BIO394,CSC170
user1645,Rayan,CHE,CHE204,BIO274,CHE205,CHE140,BIO186
user1646,Xera,MIS,BIO165,CSC122,DST255
user1647,Zakaria,BIO,CHE284,CSC394,CSC230,DST161
user1648,Ivan,CHE,CSC134,CHE296
user1649,Doua,CHE,CSC372,PHY104
user1650,Melissa,CHE,DST323
user1651,Muna,MIS,CSC196,MIS118,CSC188,PHY179,PHY358,CHE200
user1652,Luis,MAT,DST169,CHE378,BIO164,BIO348
user1653,Long,CSC,MIS388,MAT267,MAT253
user1654,Amy,CSC,PHY231,DST309
user1655,Saryn,CHE,CHE309,MIS347,MIS101,DST166,PHY177,PHY387
user1656,Jamila,CHE,MIS155
user1657,Saryn,MAT,CHE271
user1658,Najma,BIO,MIS206,CHE374,MIS386,CHE257,BIO360
user1659,Mackenzie,MAT,CSC211,MIS342,MAT370,CSC287
user1660,Josh,MAT,CHE370,PHY144,CHE166
user1661,Amy,DST,MAT286,BIO277,CHE311,BIO326,CSC373
user1662,Katie,MIS,MAT200,CSC176,MIS377,MAT389,MAT209,CHE293
user1663,Matt,MAT,CHE248,MAT370,MIS178,MIS112,DST167,DST313
user1664,Adi,PHY,CSC104,DST197,CHE211,MAT105
user1665,Matt,MIS,CSC232,BIO205,CSC335,CHE270
user1666,Myles,MIS,DST192,MIS398,DST283,DST308,MAT394,MAT122,MAT122
user1667,Abdi,DST,MIS340,CHE285,CSC209,CSC169,CHE220,CHE181
user1668,Max,CHE,CHE104,PHY157,BIO258,PHY383,MIS284,MAT318,CSC247
user1669,Matt,DST,CSC122,BIO308,DST195,DST140,MIS203
user1670,Ivan,MAT,CSC134,BIO188,CSC373,PHY126,CSC352
user1671,Kodjo,MIS,CHE333
user1672,Angel,DST,CSC141,CHE394,PHY371,MIS338,PHY397
user1673,Ryan,CHE,DST212,DST284
user1674,Xera,CSC,CHE379,PHY275,CSC359,PHY270
user1675,Josh,CHE,CHE122,MAT333,CHE132
user1676,Miguel,BIO,MAT258,CSC258,BIO138
user1677,Katelynn,PHY,MAT152,MIS174,PHY255
user1678,Collin,CSC,CSC291,MAT314,CHE101,MAT105,CSC381,MAT350
user1679,Adi,PHY,MAT138,CHE295,BIO162
user1680,Eyasue,CSC,BIO204,MIS312
user1681,Skyler,CSC,MAT278,PHY293
user1682,Erik,BIO,CHE151,MIS356,MAT214,MIS272
user1683,Collin,CSC,BIO261,MAT335,DST203,PHY156
user1684,Tenley,PHY,CSC136
user1685,Talib,CSC,PHY249,CHE227,PHY328,DST314,PHY292
user1686,Elliott,CHE,CHE266,PHY316,BIO262,CHE175,MAT378,BIO257
user1687,Aisha,MIS,PHY386,PHY355,CSC274,MIS393,MAT186
user1688,Matt,CSC,CSC277,MAT280,DST178
user1689,Andy,MAT,MIS275,PHY102,CHE275,CHE375,MAT156
user1690,Linus,PHY,BIO383,DST312,MIS337,BIO123,PHY173,CHE181,CHE353
user1691,Adi,CSC,DST168,DST378
user1692,Walta,CHE,PHY245,BIO274,BIO339
user1693,Elisha,CSC,CSC219,BIO343,MAT140,CHE335,BIO387,BIO390
user1694,Alinase,CSC,BIO289
user1695,Melissa,MIS,BIO101,PHY277,CSC260,DST178,MIS206
user1696,Johnny,BIO,MAT127,CHE309,CHE173,DST149,BIO154
user1697,Andy,DST,BIO236,PHY111,CHE304,DST315,MAT285,MAT396
user1698,Jake,MIS,BIO150,MIS306
user1699,Rayan,PHY,MIS359,BIO370
user1700,Lucy,DST,CHE110,PHY328,DST135,CHE255,BIO234,MAT391
user1701,Skyler,MIS,BIO346,CHE260,MIS390,CSC345
user1702,Adna,PHY,DST280,PHY171,MAT399,CHE104
user1703,Hodan,BIO,DST301,MIS138
user1704,Ari,MIS,MAT109,MAT220,DST269,PHY232
user1705,Leah,MIS,MIS126,CHE354,CHE189,MIS195,CHE158,CSC396
user1706,Jocelyn,CSC,MIS204,MAT161,BIO299,MIS392,CHE151
user1707,Jocelyn,PHY,CSC129,DST399,CHE162,DST141
user1708,Doua,DST,CSC311,CSC113
user1709,Jason,CSC,MAT204
user1710,Yuva,CSC,DST250,CHE284,DST342,MAT280
user1711,Najma,PHY,CHE102,BIO133,MIS123,PHY108
user1712,Krystal,CHE,MIS377,MAT183,MIS273,CHE278,MAT128,CHE279,PHY334
user1713,Derek,MIS,DST296,DST347,MIS151,DST215
user1714,Zak,BIO,DST223,CSC279,PHY161,CHE308,DST260,MIS173,CHE330
user1715,Lucy,CSC,MIS249
user1716,Pao,MIS,MAT366,DST373,MAT263,DST250,CHE245
user1717,Taha,DST,PHY239,PHY112,DST176,CSC272
user1718,Muna,DST,BIO116,CHE191,PHY154
user1719,Odin,PHY,MIS288
user1720,Ari,MIS,PHY239,CHE155,CHE228,PHY142,BIO256,CSC136
user1721,Ly,CHE,PHY396,CSC345,CHE356,BIO184
user1722,Sean,MIS,BIO389,PHY197,DST315,CHE364,PHY200
user1723,Kebba,CSC,CSC202,CHE308
user1724,Liban,CSC,MAT221,CSC345,MAT157,DST203,MIS228,CHE111
user1725,Khaalid,MIS,CHE239,BIO336,BIO102,CHE188,MIS186,PHY116
user1726,Jocelyn,CHE,BIO376,CHE327,MAT205,BIO117,CHE175,CSC379,MAT113
user1727,Najma,CSC,MAT162
user1728,Corey,MAT,MAT146,DST110,MIS184,PHY187,CHE212
user1729,Krystal,MAT,BIO143
user1730,Collin,PHY,CSC307,CSC130
user1731,Vinny,MAT,CSC107,PHY244,PHY183,CHE373,MAT327
user1732,Vincent,CSC,MAT156,BIO220,BIO212,MIS393,MIS247,CHE133
user1733,Amaal,BIO,CSC383
user1734,Ivan,CSC,DST140,MIS226
user1735,Vincent,CSC,MAT390
user1736,Amy,BIO,PHY174,BIO171,PHY378,CSC231,BIO210,MIS334
user1737,Johnny,BIO,CSC340,DST252,MIS277,PHY108
user1738,Timothy,MAT,MAT183
user1739,Eric,PHY,CHE157,CSC291,DST232,MIS173,MAT178,DST115,MAT341
user1740,Romeo,CHE,MIS209,CSC214,MAT263,MIS215,CHE208,CSC394
user1741,Hamsa,DST,DST390,CHE382,MAT237,BIO350,BIO390
user1742,Amina,CSC,DST358,DST187,PHY328,BIO110,PHY315,DST316
user1743,Ridwan,BIO,MIS110,DST346,DST383,CHE180
user1744,Hannah,BIO,MIS223,MAT282
user1745,Amina,DST,PHY394,BIO202
user1746,Halah,DST,MIS349,BIO322,MAT364,BIO136
user1747,Eyasue,PHY,CHE315,CHE217,BIO378,PHY105,MAT235,DST185
user1748,Amaal,DST,CHE362
user1749,Jaron,PHY,MIS282,PHY394,MIS386,CHE276
user1750,Awal,MAT,PHY135,BIO309,CSC162,MAT302,MIS326,PHY323
user1751,Miguel,DST,PHY327,CSC355,BIO292,MIS324
user1752,Erica,PHY,PHY230,DST399,BIO169,MIS179,PHY251,MAT163,BIO309
user1753,Asli,DST,CHE292,PHY256,DST304,MAT157,MIS287,PHY233
user1754,Brooklyn,MIS,BIO365,MAT351,MIS254,PHY316
user1755,Liban,CHE,PHY276,CSC163,CHE232,CHE113,MIS234,MAT368
user1756,Erik,CSC,PHY146,MAT293,MAT248,PHY256
user1757,Saryn,MAT,BIO313,MIS294,DST392,CSC103,CHE271,PHY129,DST149
user1758,Hamsa,BIO,PHY376,MIS343,PHY225,PHY336,BIO113,BIO130
user1759,Jaron,MAT,CSC279,DST125,MIS296,MIS252,BIO352,CHE375,MAT372
user1760,Mohamud,MIS,CHE227,MAT102
user1761,Jocelyn,BIO,PHY278,MAT140
user1762,Sergio,BIO,DST332,PHY108
user1763,Keenan,MAT,PHY210,PHY244,DST207,PHY123,MAT297,PHY153,DST214
user1764,Halah,PHY,PHY109,BIO243,CSC370,CSC390,MAT196
user1765,Justin,MIS,DST291,PHY362,PHY164,PHY115,CSC211
user1766,Christopher,MIS,BIO238,CSC350,MIS342,BIO397
user1767,Awal,MAT,PHY147,BIO372
user1768,Ridwan,PHY,DST324,DST328,PHY137,BIO338,MAT270
user1769,Amy,PHY,CHE220
user1770,Jeffrey,CSC,MAT378,MIS359,BIO110,MIS113
user1771,Kwadwo,MAT,DST354
user1772,Ethan,DST,BIO189,PHY176,MAT153,PHY141,MAT170
user1773,Anna,DST,CHE282
user1774,Vincent,PHY,BIO157,MIS307
user1775,Sadaq,DST,CSC330,PHY195
user1776,Ly,MIS,DST194,CSC326,CHE169,CHE376,CSC382
user1777,Kebba,MAT,CHE185,BIO364,MAT243,MIS364,PHY371
user1778,Xera,PHY,MAT103,CSC305,MIS238,DST236,MAT190,CHE299,MIS303
user1779,Ridwan,CHE,CSC157,MIS379,MIS369,MIS135,CSC340,MAT118
user1780,Timothy,CSC,DST291,DST272,DST316,CHE229,MIS327
user1781,Ariana,DST,CSC116
user1782,Xera,DST,CHE196
user1783,Ben,PHY,MAT269,MAT241
user1784,Pao,MIS,PHY115,BIO129,PHY381
user1785,Timothy,MIS,PHY172
user1786,Chris,DST,CHE331,MIS123,PHY231,DST256
user1787,Adnan,PHY,BIO396,MAT317,CSC270,MAT176,MIS204,MIS280,CSC261
user1788,Luis,MAT,CHE269
user1789,Dori,CSC,CHE315,MAT207,CSC155,PHY193
user1790,Asli,BIO,CSC172
user1791,Jaron,PHY,BIO235,CHE266,PHY107
user1792,Hodan,MAT,CHE288,CHE113,BIO128,MIS243,BIO300,CSC196
user1793,Matt,MAT,MIS276,PHY110
user1794,Bjorn,CHE,MAT266,MAT162,MAT282,MAT267
user1795,Andy,MIS,PHY235,PHY245,MIS222,MAT398
user1796,Hodan,CHE,DST300,MAT215,CSC227,MAT230,DST111,CHE339
user1797,Matt,PHY,CHE378,CSC394,CHE339,BIO202,CSC170
user1798,Skyler,BIO,PHY365,BIO196,CSC180
user1799,Elliott,MAT,PHY357,BIO254,MAT112,MIS307,MIS397,BIO314,MAT212
user1800,Zach,MIS,PHY100,MIS114,CSC217,MAT188,CHE388,DST113
user1801,Bailey,PHY,CHE311,PHY303,CHE272,MAT263,DST286,MAT101,CSC354
user1802,Hodan,CHE,DST334,CSC154,BIO371
user1803,Ella,MAT,PHY129,BIO307,BIO371,CSC301
user1804,Justin,CSC,PHY150,CSC158,MAT354
user1805,Johnny,CSC,MIS193,CHE106,BIO205,MIS206,DST202,PHY175
user1806,Ryan,PHY,CHE342
user1807,Adi,MAT,MIS287,BIO245,PHY216
user1808,Drew,PHY,CSC285,DST321
user1809,Ari,MIS,DST191,MIS381,DST236,BIO243,CSC383,MAT254
user1810,Chris,PHY,CSC351,CHE265,MAT340,DST159,CSC350,MIS257
user1811,Rudwan,CSC,CSC111,MAT192,CSC330,PHY182
user1812,Xera,CSC,MAT119,DST154,MIS152,MAT171,CSC211,MAT166
user1813,Josh,MAT,CHE386,MIS223,DST208
user1814,Vinny,BIO,MIS266,PHY209,PHY206,CHE129
user1815,Sergio,PHY,CSC169,CSC229,MIS319,BIO344
user1816,Abdi,MIS,MAT105,MAT349
user1817,Luke,MAT,MIS145,BIO182,CSC234
user1818,Skyler,PHY,CHE171,MAT242,DST270,CHE147
user1819,Quinn,CHE,CHE195,DST168,MIS244
user1820,Ceazar,CSC,DST353,MAT156,DST290,CSC171,MIS362
user1821,Sergio,DST,BIO397,DST278,BIO230
user1822,Ridwan,PHY,DST393
user1823,Khadro,CHE,MAT251,BIO125,CSC275,DST298,BIO235,BIO247
user1824,Adna,BIO,MIS307,MIS163,BIO302,BIO237,MAT342,MAT302,MIS165
user1825,Najma,CSC,MAT125,PHY350,PHY266,CHE205,DST180,MAT334,MAT194
user1826,Rahma,DST,MIS162
user1827,Matthew,MAT,DST185,MIS182
user1828,Kebba,MIS,MAT349,PHY295,BIO177,MAT212,CSC273,MAT234
user1829,Jocelyn,CSC,CHE378,CHE262,BIO188,CSC214,DST124,CSC270
user1830,Rahma,MAT,BIO226,CSC359,CHE202,BIO304,MIS384,CHE381,BIO275
user1831,Josh,DST,CHE285
user1832,Jason,CSC,BIO146,MIS250,PHY218,MAT285
user1833,Angel,CHE,MIS293,CHE293,DST374,CSC182
user1834,Mitchell,PHY,MIS104
user1835,Sadaq,MAT,PHY157,CHE364,PHY234
user1836,Mitchell,BIO,CHE360,PHY329,DST215,CSC150,BIO310,CSC315
user1837,Ella,BIO,CHE298,DST302
user1838,Khaalid,CHE,PHY271,PHY153
user1839,Lucy,MIS,CHE188,MIS159,CHE329,MIS292,CHE104,DST269,CHE179
user1840,Esmeralda,PHY,BIO233,CSC298,CSC334,DST393
user1841,Zakaria,CHE,MAT328,BIO216,CHE270,CSC132,MIS394
user1842,Betelehem,BIO,CHE147,CSC142,MIS207,CSC348,BIO221
user1843,Xeng,BIO,CSC246,DST328,PHY160,DST397
user1844,Katie,DST,CHE136,MAT281,CHE130,BIO313,PHY341,CHE201,CHE245
user1845,Derek,CHE,DST260,CHE165,BIO211,PHY338,CHE354
user1846,Khaalid,MAT,MAT212,BIO251,CSC223,MAT349,PHY184,CHE135,CSC145
user1847,Ivan,CHE,MIS294,MAT136
user1848,Ivan,CSC,CHE255,MAT334,MAT389,BIO169,CSC207,CSC332
user1849,Kodjo,MIS,MIS379,CHE264,CSC127,PHY393,MIS294
user1850,Adna,CSC,CSC233,DST177,CHE261,MAT269,CSC113
user1851,Thor,MAT,BIO351,MIS371
user1852,Everett,PHY,MAT206,DST340,BIO128,MIS167,CSC367,DST195,CSC221
user1853,Emily,CSC,CSC371,BIO242,CSC390
user1854,Betelehem,PHY,BIO328,MIS125,CSC322,MIS138
user1855,Josh,BIO,MAT124,BIO242,MIS364
user1856,Emily,PHY,MIS147,MIS174,CSC252,CSC132,BIO384,CHE100,CHE256
user1857,Jaron,PHY,BIO199,DST201,DST338,CSC251,DST320
user1858,Najma,DST,CHE261,BIO181,PHY112,BIO374
user1859,Gabriel,CHE,CSC380,MIS383,PHY173,CSC194
user1860,Adi,MIS,MIS210
user1861,Ella,CSC,BIO168,PHY119,MIS242,CHE395,MIS167,PHY125
user1862,Adna,MAT,BIO239,MIS188,DST131,DST164
user1863,Kebba,MIS,CSC165
user1864,Amina,CHE,CSC134,CSC393,CSC253,DST207,PHY261,MAT381,DST370
user1865,Abdi,CSC,CSC382,PHY116,CSC172,MAT371,DST213,DST181,MIS257
user1866,Khalid,MIS,PHY114,MAT229,CHE183,MIS288,BIO339,CSC353,MAT271
user1867,Sergio,BIO,BIO127,MIS116
user1868,Eric,MIS,MAT219,PHY385
user1869,Jaron,DST,MIS121,BIO136,CSC357,MIS108,MIS204,BIO378
user1870,Asli,DST,MIS184,CHE345,MIS155,MAT270,CHE129,DST270,DST138
user1871,Luke,BIO,CSC392,DST221,CSC330,CSC397,CSC348,CSC257
user1872,Alinase,CHE,CSC375,PHY144,DST102,CHE226,CHE163,CHE236
user1873,Betelehem,DST,MAT139,MAT126,CSC243,MIS287,CHE275,CSC216
user1874,Adna,BIO,DST366
user1875,Katelynn,PHY,MIS303,MAT316,CSC268,BIO114,MAT357
user1876,Sumayyah,CHE,BIO127,DST396
user1877,Amy,MAT,PHY268,CHE168,MAT345
user1878,Karen,PHY,MIS389,CSC235,MIS324,BIO300,PHY229
user1879,Sergio,CSC,PHY106,BIO209,CHE338
user1880,Kevin,BIO,MIS299,CHE195
user1881,Muna,DST,DST138,CSC170,PHY244
user1882,Adnan,MIS,MAT200,MIS274,MAT373,MAT245,MIS147
user1883,Liban,CHE,PHY289,BIO150,MIS194,CSC162,MIS185,DST161,MIS173
user1884,Xera,MAT,DST303,PHY107,CHE352,MAT262,BIO366,BIO106
user1885,Zach,DST,MIS328,CSC174,DST292,DST326,MAT194,MIS351
user1886,Kodjo,CSC,MIS280,PHY371,PHY122,MAT141
user1887,Adnan,BIO,PHY133,MAT227,BIO240
user1888,Ivan,CHE,BIO123,MIS209
user1889,Ethan,DST,BIO251
user1890,Jeffrey,MAT,PHY264,PHY244,BIO324,BIO395,MIS117,BIO288,PHY145
user1891,Leban,PHY,CHE359,BIO333,CSC156,CSC292
user1892,Adna,CHE,CHE260,BIO353,MIS379
user1893,Luke,CSC,CHE303,PHY264,MAT339,CHE291,PHY394,PHY268,MIS307
user1894,Lucy,BIO,MIS399,PHY247
user1895,Angel,DST,DST364
user1896,Krystal,MIS,CSC234,BIO240,MIS314,PHY377,MIS286,PHY218,BIO388
user1897,Aaga,PHY,PHY381,BIO150,CHE120
user1898,Xeng,PHY,CHE263
user1899,Jocelyn,MIS,BIO308,CSC329
user1900,Leban,DST,CSC391,CHE249,CHE180,DST245,CSC230,MIS368,CHE198
user1901,Chris,PHY,MAT307,BIO245
user1902,Ridwan,CHE,PHY378,MAT184,PHY213
user1903,Ari,DST,PHY259,DST208,DST188,BIO157
user1904,Chelsey,MIS,CHE195,CSC317,BIO230,DST249
user1905,Drew,MAT,CHE362,DST141,MAT166,MIS134,CSC291,BIO104,DST354
user1906,Betelehem,MIS,PHY243,DST202,MIS301,MIS351
user1907,Brian,PHY,BIO350,BIO289,CHE263,MIS282,MIS398,MAT165,PHY312
user1908,Zakaria,MAT,CHE273,CHE270,DST266,MIS204,DST394,MIS212
user1909,Lucy,PHY,CSC268,PHY190,MIS209,MAT335
user1910,Moua,BIO,MAT381,MAT327,DST161
user1911,Najma,CSC,MIS258,MAT213,MAT346,MIS128,CHE128,PHY312,DST261
user1912,Pavel,DST,CSC205
user1913,Pao,CSC,MIS132,DST188,MIS297,CSC199,CSC293
user1914,Pao,MIS,CSC157,BIO112,PHY397,MIS399,CHE176,BIO136
user1915,Liban,DST,MAT240
user1916,Odin,CHE,MAT340,DST273,MAT247,PHY374,CHE217,CHE270
user1917,Ella,DST,BIO211,MIS300,BIO383
user1918,Ivan,BIO,DST144,MIS393,PHY247,BIO219,MAT258,MAT346,DST339
user1919,Krystal,MIS,CSC396,MIS249,BIO213,MIS234
user1920,Ryan,MAT,BIO214,DST363,DST174
user1921,Jacob,BIO,MAT311,CSC261,MAT333,CHE261,CHE142,CHE194
user1922,Anna,CHE,CHE229,BIO280,MAT218,CHE329,PHY179
user1923,Pao,CSC,CHE357,BIO143,DST248
user1924,Ben,MIS,BIO103,BIO212,MAT344
user1925,Pavel,BIO,MIS111,MAT339,PHY198,CHE266,MIS214,CSC273
user1926,Vincent,DST,DST163,PHY280,PHY181
user1927,Rahma,DST,CHE170
user1928,Stephanie,CHE,MIS378,BIO266,MAT111,DST242,PHY394,CSC258
user1929,Rayan,MIS,MIS266,PHY294,DST263,MAT132
user1930,Khaalid,DST,DST169,PHY177,DST298,MAT218,DST310,BIO328,DST394
user1931,Khaalid,DST,BIO214,BIO306,DST239,CSC280
user1932,Adna,BIO,PHY343,MIS298,PHY309,DST120
user1933,Jaron,CSC,PHY226,MAT319,BIO190
user1934,Andy,MAT,CHE180,CSC201
user1935,Josh,MIS,CHE135,PHY203
user1936,Jake,MAT,CHE311,MIS339,CSC198,CSC136,BIO325
user1937,Matthew,BIO,DST100,CSC297,CHE182
user1938,Everett,DST,DST383,DST323,DST307,BIO240
user1939,Mackenzie,MAT,PHY294,MAT156,DST340,MIS349
user1940,Brandon,PHY,PHY124
user1941,Elliott,BIO,CHE210,DST305,MAT276,MIS297,PHY143,DST220
user1942,Saryn,CHE,BIO391,MAT164,CHE370
user1943,Melissa,PHY,PHY392,PHY357,MAT312,CHE209,BIO251
user1944,Chelsey,MIS,DST126,MAT114,MAT282
user1945,Karen,MAT,MIS104,CHE176,MAT166,MAT146,CSC257
user1946,Melissa,CSC,MIS241,BIO189,MIS176,CHE301
user1947,Aaga,PHY,MAT356,MAT372,PHY334
user1948,Anna,PHY,PHY294
user1949,Rahma,BIO,MAT111,MIS154,MAT299,CSC388,PHY362
user1950,Adnan,CHE,CHE227,CSC283,MAT173,MAT394,BIO214,CHE145
user1951,Sumayyah,BIO,PHY126,PHY376,BIO255,MAT327
user1952,Lucy,PHY,BIO377,DST194,MAT104,MAT223,PHY205,CSC338,CSC354
user1953,Brandon,PHY,CHE218,CHE193,CSC168,DST117,PHY134,MAT291,BIO389
user1954,Zach,MIS,PHY201,BIO201,MAT245
user1955,Matt,CHE,BIO244,DST155,CSC264,PHY295,PHY306,PHY336
user1956,Vincent,CSC,CSC246,MIS376,MAT274,MIS147,CHE197,BIO195,MAT220
user1957,Andy,BIO,CHE381,BIO268
user1958,Kevin,BIO,MIS248,DST263,CSC363,PHY136,CSC257
user1959,Keiran,PHY,DST251,CHE377,CHE244,CSC102,BIO367,DST275
user1960,Sean,DST,CHE387,CHE159
user1961,Bjorn,BIO,CHE334,BIO322,DST378,BIO275,MAT392,CSC197
user1962,Halah,BIO,CSC281,DST185,PHY203,MIS146,CSC365,BIO301
user1963,Abdi,BIO,CHE350,MIS236,DST135,BIO251
user1964,Erik,BIO,MIS123,BIO123,MAT317,DST328,CHE256,CHE272
user1965,Mayali,CSC,MIS345,CHE102,PHY292
user1966,Sumayyah,MAT,DST116,MIS394,BIO249,DST183,DST326,CSC239,PHY338
user1967,Josh,MAT,CHE110,BIO366,PHY277,MIS105,DST173,PHY175
user1968,Elisha,MIS,PHY177,BIO106,CSC184,CSC132,MIS330
user1969,Long,CHE,BIO248,BIO191,CHE277
user1970,Nathan,BIO,CSC333,CSC287,BIO350
user1971,Vincent,MIS,BIO101,MAT239,CHE128,DST363
user1972,Ivan,BIO,MIS219
user1973,Ivan,DST,CSC160,CSC224,CSC290,CSC209
user1974,Kevin,PHY,CHE368,CHE387,MAT310,MAT184,CHE104,MIS184
user1975,Elliott,DST,CHE301,BIO238,DST161,CHE305,CHE335,MIS100
user1976,Sundus,PHY,MAT132
user1977,Ariana,CSC,BIO283,MIS329,MIS244,CSC311,BIO391,PHY388
user1978,Jamila,DST,CHE354,BIO130,MAT100,DST159,PHY215
user1979,Zach,PHY,BIO308,CHE276,CSC221,MAT353,CHE399,CHE113,MAT309
user1980,Andy,PHY,MIS374,MIS364,PHY199
user1981,Jamila,MAT,CSC296,MIS208,CHE188
user1982,Thor,BIO,CSC353,MAT312
user1983,Matt,MIS,CHE322,DST240,DST260,CHE115,BIO309,CHE242
user1984,Romeo,MIS,BIO361
user1985,Christopher,MAT,MAT322,CHE111,MAT294,PHY134,BIO139
user1986,Khaalid,BIO,PHY363,DST227
user1987,Dori,MAT,CHE218,CHE390,MAT108,CHE375,DST223
user1988,Jaron,PHY,MIS224,CHE326,BIO289
user1989,Tenley,CHE,CHE259
user1990,Ayden,CSC,CHE238,MIS169,CSC331,PHY213
user1991,Katie,DST,DST295,MAT320,DST213
user1992,Erica,DST,BIO218
user1993,Ethan,MAT,BIO289,CHE372,MAT277
user1994,Alinase,CSC,BIO337,CHE343,MIS236
user1995,Christopher,CHE,MAT229,CSC381,BIO317,MIS301,DST333
user1996,Johnny,CSC,MAT154,CHE310,PHY322,CHE195
user1997,Bailey,DST,CHE244,PHY158,MIS390,MIS242,MIS394,BIO192,BIO193
user1998,Xeng,PHY,CHE181,BIO144
user1999,Zach,MAT,PHY395,CHE377,MAT387,CHE393,DST145,BIO251,MIS271
